Question,Answer
Можно ли сомещать обучение в магистратуре с работой?,Совмещать обучение в магистратуре с работой можно. Занятия в магистратуре проводятся по вечерам и в субботу. Также часть курсов проходит в онлайн.
Сколько раз в неделю нужно приезжать в университет студентам магистратуры?,Обычно приезжать нужно два-три раза в неделю вечером или в субботу.
Возможно ли поступление в магистратуру на бюджет после специалитета?,"Это зависит от года выдачи диплома и стандарта обучения. Если у вас приложение к диплому в часах — можете поступать на бюджет, если в зачетных единицах — то только контракт."
"Могу ли я поступить на направление магистратуры, которое никак не связано с образованием, полученным на бакалавриате?","Да, поступать можно на любое направление, для этого необходимо подать документы в приемную комиссию и успешно пройти вступительное испытание."
Возможно ли поступление в магистратуру после заочного обучения?,"Форма обучения значения не имеет. Вы можете поступать в магистратуру, если у вас имеется диплом о высшем образовании бакалавриата или специалитета."
"В правилах приема указано, что за сертификат участника олимпиады «Я-профессионал» можно будет получить 10 дополнительных баллов в качестве индивидуальных достижений. Подскажите, пожалуйста, это должен быть сертификат участника заключительного этапа? Должен ли профиль олимпиады соответствовать профилю магистратуры?",Профильность для сертификатов участника не важна. Учесть можно один сертификат на все выбранные направления.
"Здравствуйте! Скажите пожалуйста, в каком формате будет проходить вступительные испытания по прокторингу экзамус? Это будет ассинхроннный прокторинг или с наблюдающим? И еще скажите, пожалуйста, в каком формате будет тест?","Инструкция по прохождению с объяснением доступна в личном кабинете абитуриента, наблюдающие и проверка после завершения тестирования обязательны. С демо-вариантами вступительных испытаний можно ознакомиться urfu.ru/ru/applicant/docs-abiturient/demo-exams/"
"Здравствуйте, скажите, пожалуйста, могу ли я поступая в ваш вуз в магистратуру, при подаче документов предоставить не оригинал, а копию своего диплома об окончании бакалавриата?","При подаче документов вы можете представить копию. Позже, если вы будете участвовать в процедуре зачисления на бюджет, то нужно будет предоставить оригинал. Для зачисления на контракт оригинал документов не требуется."
Зачем мне магистратура?,"Магистратура поможет прокачать ваши компетенции по текущей специальности, либо откроет дорогу к совершенно новой профессии — поступить можно на любую программу. Диплом магистратуры будет полезен для кандидатов на руководящие позиции, ведь магистранты приобретают необходимые управленческие навыки и развиваются в науке. Любой из треков доступен в УрФУ: его можно выбрать в каталоге программ на этом портале"
Магистратура и наука: два в одном?,"Каждая образовательная программа магистратуры в УрФУ включает научный компонент, ведь итогом вашей учебы станет подготовка научной работы, магистерской диссертации. Однако интенсивность научной работы везде разная: у нас открыты как прикладные направления, где больше внимания уделяют взаимодействию с работодателями, так и полностью исследовательские"
"Реализовать свой проект в магистратуре, почему бы и нет?","Многие магистранты приходят в университет с собственными проектами: кто-то хочет решить во время учебы рабочие задачи, а кто-то задумывается о своем деле. Все инициативы можно проработать во время учебы под руководством преподавателей вуза и экспертов-практиков. В УрФУ запущена специальная программа «Стартап как диплом» для поддержки бизнес-идей студентов. Стать ее участником можно с первых месяцев учебы, лучшие проекты получают университетские гранты"
Магистратура и ее партнеры: что может получить магистрант?,"Офисы всех программ магистратуры в УрФУ взаимодействуют с несколькими сильными работодателями и академическими партнерами. Сотрудники организаций станут вашими лекторами и менторами: познакомят с трендами отрасли, обучат актуальным компетенциям. Все это на примере реальных задач науки или бизнеса. Более того, некоторые магистерские программы созданы по инициативе компаний и развиваются под руководством работодателей. Среди них — Сбер, VK, Группа Синара, SAP, Росатом, МТС и другие."
Магистратура как шаг к аспирантуре?,"Магистратура — обязательный шаг для старта в науке, если по итогу получения первого высшего образования у вас на руках диплом бакалавра. Уже в первые месяцы учебы вас попросят выбрать интересующее направление для исследований, подберут научного руководителя. Вместе вы подготовите всю базу, необходимую для поступления в аспирантуру: научные публикации, доклады для конференций. В УрФУ готовят аспирантов по 30 направлениям подготовки, доступно более 200 бюджетных мест."
Чем я могу заняться в магистратуре?,"На самом деле, чем угодно: магистрантам доступна научная работа, реализация собственного проекта, обменные программы, разработка стартапа, спорт, творчество и многое другое. Все эти возможности открыты для студентов любого направления подготовки. Главное — проявить инициативу"
Хочу получить корочку магистра без головной боли – это возможно?,"Рекомендуем выбрать действительно интересную образовательную программу и удобную форму обучения, ведь для получения диплома необходимо качественно и вовремя выполнить все необходимые задачи. Руководители программ в УрФУ стараются сделать магистратуру максимально гибкой, удобной в том числе для совмещения с работой. Так, при учебе на очной форме занятия организованы вечерами в будние дни и днем в субботу, а студенты очно-заочной формы полноценно учатся по субботам."
Что значит магистратура для работодателей?,"Выпускник магистратуры — эксперт, способный решать сложные и нестандартные задачи. Согласно исследованию на базе мониторинга трудоустройства выпускников Минтруда 2021 года, степень магистра помогает соискателям зарабатывать больше до 10%, в сравнении с выпускниками бакалавриата на аналогичных позициях. При этом отдача от диплома сильно зависит от того, в каком вузе учился магистр: выпускники ведущих университетов получают больше, чем выпускники вузов без статуса."
Как совместить магистратуру и зарабатывание денег?,"Программа сформирована так, чтобы вы могли совмещать учебу с работой. Кроме того, заработать можно и в университете: доступны почти 30 именных и партнерских стипендий, грантовая поддержка научной деятельности, оплачиваемые стажировки, а также всероссийские студенческие олимпиады и конкурсы с денежными призами. Некоторые наши магистранты зарабатывают благодаря своей активности в общей сложности до 50 тысяч рублей в месяц."
Магистратура и самообразование: как выбрать?,"Самообразование удобно для оперативного приобретения отдельных навыков. Обучение в магистратуре же нацелено на системное понимание отрасли, развитие всех необходимых профессиональных компетенций и гибких навыков. Кроме того, учеба в вузе становится для магистрантов полезным нетворкингом: в дальнейшей работе помогают знакомства как с преподавателями, так и одногруппниками."
Магистратура: есть ли место для личных увлечений?,"Возможность продлить студенческую жизнь — одна из главных мотиваций для поступления в магистратуру. В УрФУ для магистрантов доступны те же бонусы внеучебной жизни, что и для обучающихся в бакалавриате: два десятка студенческих организаций, спортивные сборные и творческие коллективы, повышенные стипендии за активность и научные достижения. Найдется время и для собственных хобби."
Чем магистр отличается от бакалавра?,"Бакалавр — специалист с общим уровнем знаний и навыков, который готов к работе на стартовых позициях. Выпускники магистратуры — профессионалы в конкретных областях с глубоким пониманием выбранного рынка, готовые к работе на ведущих и руководящих ролях. Кстати, магистрам доступен и научный трек, а с наработанной за два года базой легко поступить в аспирантуру."
Как соотносятся магистратура и профессиональная переподготовка?,"Программы переподготовки помогают получить актуальные компетенции на базе уже имеющихся знаний и навыков, либо с нуля освоить простые задачи. А обучение в магистратуре — полноценное высшее образование с комплексным подходом к знаниям и навыкам студентов. Некоторые магистранты усиливают свое образование дополнительными курсами прямо во время учебы. Для этого в УрФУ работает специальный институт."
Магистратура и Soft Skills: родственники или попутчики?,"Обучение в магистратуре создает все условия для развития гибких навыков. Для этого преподаватели используют активные формы обучения, командную работу над проектами, проводят тренинги и деловые игры. А знакомство с мотивированными одногруппниками и практикующими специалистами мотивирует студентов развиваться в профессии, стать заметным и амбициозным специалистом."
Магистратура и студенческая мобильность: больше вреда или пользы?,"Знакомство с международными трендами выбранной отрасли — безусловная польза, которая позитивно скажется на вашей карьере. Каждый магистрант УрФУ может подать заявку на обменные программы, это можно сделать начиная со второго семестра первого курса. Программы могут быть как краткосрочными, так и семестровыми — все зависит от вашего направления и выбранного вуза. Многие программы мобильности сейчас доступны онлайн, что помогает не отвлекаться на долгое время от работы, учебы и привычных интересов."
Магистратура — это время креативности?,"Мы считаем, что в каждой профессии найдется место креативным идеям. Поэтому обучение в магистратуре способствует их поиску и реализации в разных форматах: от простых студенческих проектов до серьезных научных исследований и защиты в качестве диссертации. Научный руководитель и преподаватели помогут вам посмотреть на задачи новым взглядом и раскрыть творческий потенциал."
Может ли магистратура скорректировать карьеру?,"Магистратуру часто выбирают для приобретения дополнительных компетенций, способных скорректировать карьерную траекторию. Например, для работы на руководящих позициях выбирают направления в экономике и управлении. В развитии карьеры будут полезны программы на стыке информационных технологий и других профилей — так вы сможете управлять цифровой трансформацией в своей отрасли."
Могу ли я совмещать учебу с работой?,"Учеба в очной магистратуре адаптирована для стандартного графика работы: занятия организованы вечером в будни и по субботам. Если же вам требуется больше личного времени, можно рассмотреть программы очно-заочной или заочной магистратуры, где распределением учебной нагрузки вы будете управлять самостоятельно."
Заочная магистратура – это вообще магистратура?,"Заочные программы магистратуры — полноценные аналоги традиционных. Их отличает больший объем самостоятельной работы, но при этом вам доступны все ресурсы университета, включая онлайн-курсы, литературу и консультации с преподавателями. Итогом вашей учебы станет защита диссертации и получение диплома — такого же, как у студентов-очников, ведь форма обучения в итоговом документе не указывается."
Магистратура в зрелом возрасте: зачем?,"Часто магистратура становится хорошим стимулом к обновлению знаний, получению новой профессии или повышению по службе. Опытные магистранты легко адаптируются в университете и погружаются в учебу, а главное — получают удовольствие от новых знаний и полезных знакомств."
"Магистратура: поступил, отсижусь на последней парте?","Обучение в магистратуре не менее интенсивно, чем получение первого образования. Помимо традиционных зачетов и экзаменов два раза в год, по каждому предмету предусмотрены и промежуточные контрольные точки: тесты, выступления на семинарах, лабораторные и защиты проектов. Поэтому рекомендуем выбрать действительно интересное направление — так желание отсидеться на последней парте пройдет само собой."
Учеба в магистратуре: какова роль преподавателей?,"Преподаватели магистратуры — опытные профессионалы-практики, а также увлеченные научные сотрудники. Помимо чтения лекций, у каждого из них есть дополнительные интересы, полезные магистрантам: многие ищут новых сотрудников в свою компанию, кто-то предлагает интересное направление для исследований или тему студенческого проекта. Рекомендуем знакомиться с преподавателями и сохранять контакты: это связи, которые могут пригодиться в будущем."
Магистратура: брать ли образовательный кредит?,"В 2022 году УрФУ открывает набор на рекордное число бюджетных мест — в магистратуре их более 2700. Рекомендуем подготовиться к тестированию и пробовать поступить на бюджет. А если не получилось, можете подать заявление на контракт и оформить образовательный кредит. Его отличает низкая процентная ставка благодаря господдержке, а также удобные условия для выплаты: во время учебы взносы меньше и идут на погашение процентов, а оплата по основному долгу начнется уже после завершения обучения."
Нужно ли для поступления в университет заполнить анкету в личном кабинете абитуриента?,"Да, обязательно. Подать документы в этом году можно будет тремя способами:-лично (по адресу: г. Екатеринбург, ул, Мира, 19 или в одном из филиалов УрФУ) — предварительная регистрация в личном кабинете абитуриента обязательна; -по почте (заявление и листы участника конкурса распечатываются после регистрации в личном кабинете абитуриента); -в дистанционной форме через личный кабинет абитуриента или через портал Госуслуг (для школьников РФ, имеющих результаты ЕГЭ, при наличии у абитуриента личного кабинета на этом портале)."
Какие документы нужны для подачи заявления?,"Вам необходимы следующие документы: паспорт (стр. с фото и пропиской); документ об образовании (аттестат/диплом); СНИЛС (при наличии бумажного документа); документы об индивидуальных достижениях (при наличии); документы, подтверждающие особые права (при наличии); приписное удостоверение или военный билет (для юношей, поступающих на очную форму обучения)."
При подаче документов требуются копии паспорта и документа об образовании. Нужно ли их заверять у нотариуса?,Нет. Копии паспорта и документа об образовании заверять не нужно.
Могу ли я подать документы по электронной почте?,"Подача документов, необходимых для поступления, по электронной почте в УрФУ не предусмотрена. Подать документы можно через личный кабинет абитуриента."
Где я могу узнать стоимость обучения? За какой период необходимо заплатить?,"Со стоимостью обучения вы можете ознакомиться в приказе о стоимости обучения студентов по программам ВО в УрФУ. Обычно оплата производится по семестрам, но возможна рассрочка."
Где я могу ознакомиться с количеством бюджетных мест?,В документе с контрольными цифрами приема на 2022 год
"Если я не прошел на бюджетное место, могу ли я заключить договор на платное обучение?","Да, если в личном кабинете абитуриента на странице «Выбор образовательных программ» вы поставили отметку в графе «контракт»"
"До какого числа можно изменить выбранные направления, указанные при подаче заявления на участие в конкурсе?",У вас есть возможность изменять направления до окончания срока подачи документов по выбранной вами форме обучения.
Помощь,Задай имеющийся вопрос по поводу поступления в УрФУ и я отвечу на него!
Что ты умеешь,Задай имеющийся вопрос по поводу поступления в УрФУ и я отвечу на него!
Как поступить?,Никак
Какие документы требуются для поступления?,"Вам необходимы следующие документы: паспорт (стр. с фото и пропиской); документ об образовании (аттестат/диплом); СНИЛС (при наличии бумажного документа); документы об индивидуальных достижениях (при наличии); документы, подтверждающие особые права (при наличии); приписное удостоверение или военный билет (для юношей, поступающих на очную форму обучения)."
Нужно ли отдавать оригинал диплома?,Копия диплома о высшем образовании может быть представлена в электронном виде посредством единого портала Государственных услуг. Лично диплом необходимо будет предоставить лишь при подаче заявления о согласии на зачисление.
Какими способами можно подать документы,1) Через суперсервис «Поступление в вуз онлайн» (Госуслуги). 2) Лично. 3) В электронной форме 4) Почтой. Больше информации можно найти на https://priem.urfu.ru/#/how-to
"Могу ли я поступить на техническую специальность, если закончил гуманитарное направление?","Да, для этого необходимо сдать вступительные испытания по выбранному направлению магистратуры."
Какой план приема документов?,План приема документов изложен в документа плана примема в магистратуру текущего года. Или же вы можете посмотреть его в календаре приема в магистратуру на сайте: https://magister.urfu.ru/ru/documents/kalendar-priema/
В какие сроки нужно сдать все документы?,Сроки подачи документов изложены в документе плана примема в магистратуру текущего года. Или же вы можете посмотреть их в календаре приема в магистратуру на сайте: https://magister.urfu.ru/ru/documents/kalendar-priema/
Есть ли у вас календарь приема документов?,Да. https://magister.urfu.ru/ru/documents/kalendar-priema/
Какие сроки сдачи документов для обучения на очной основе?,С сроками сдачи документов можно ознакомиться в документе плана приема в магистратуру или же на сайте: https://magister.urfu.ru/ru/documents/kalendar-priema/
Можно ли подавать документы онлайн или по почте?,Оба варианта возможны. Онлайн вы можете сделать это через личный кабинет аббитуриента: https://priem.urfu.ru/.
Нужно ли мне будет приезжать в Екатеринбург для подачи документов?,Предусмотрена дистанционная подача документов через личный кабинет аббитуриента https://priem.urfu.ru/
В какие сроки происходит прием документов?,Сроки подачи документов изложены в документе плана примема в магистратуру текущего года. Или же вы можете посмотреть их в календаре приема в магистратуру на сайте: https://magister.urfu.ru/ru/documents/kalendar-priema/
Когда начинается и заканчивается прием документов?,Эти сроки можно посмотреть в календаре приема в магистратуру на сайте: https://magister.urfu.ru/ru/documents/kalendar-priema/
На сколько направлений можно подать заявления?,При подаче документов в личном кабинете вы можете добавить «Лист участника конкурса» (до 7 направлений); в каждом «Листе участника конкурса» можно выбрать несколько образовательных программ.
Какой дедлайн приема заявлений о согласии на зачисление?,С крайним сроком приема заявлений о согласии на зачисление можно ознакомиться в календаре на сайте: https://magister.urfu.ru/ru/documents/kalendar-priema/
Какой дедлайн приема оригиналов документов об образовании?,С крайним сроком приема оригиналов документов об образовании можно ознакомиться в календаре на сайте: https://magister.urfu.ru/ru/documents/kalendar-priema/
Когда выйдут приказы о зачислении?,С датой выхода приказов о зачислении можно ознакомиться в календаре на сайте: https://magister.urfu.ru/ru/documents/kalendar-priema/
Где можно посмотреть контакты приемной комиссии?,Контакты применой комиссии перечислены на сайте: https://magister.urfu.ru/ru/kontakty/
Как я могу связаться с приемной комиссей?,Контакты применой комиссии перечислены на сайте: https://magister.urfu.ru/ru/kontakty/
Могу ли я изменить выбор образовательных программ или формы обучения?,"Да, вы можете это сделать до окончания приема вступительных испытаний, оформив заново Лист(ы) участника конкурса."
Возможно ли поступить на целевое обучение?,"Да, Граждане, заключившие договор о целевом обучении, предусматривающий поступление на целевое обучение в пределах целевой квоты, представляют договор о целевом обучении при подаче заявления о приеме."
Какими способами я могу подать заявление о приеме на 1 курс?,"1) лично поступающим; 2) в электронной форме посредством «Личного кабинета абитуриента» (https://priem.urfu.ru/) или посредством ЕПГУ; 3) направлены поступающим через операторов почтовой связи общего пользования по адресу: 620002, г. Екатеринбург, ул. Мира 19, приемная комиссия УрФУ."
"Если я не совершеннолетний, то как мне заполнять документы?","Если абитуриенту нет 18 лет, необходимо заполнить данные документа, удостоверяющего личность представителя /родителя"
Как попасть в личный кабинет абитуриента?,"Личный кабинет абитуриента находится по адресу: https://priem.urfu.ru/. После регистрации и входа, будет открыт доступ к подаче всех документов."
Какие индивидуальные достижения учитываются при поступлении в магистратуру?,ИНФОРМАЦИЯ О ПОРЯДКЕ УЧЕТА ИНДИВИДУАЛЬНЫХ ДОСТИЖЕНИЙ ПОСТУПАЮЩИХ находится в соответсвующем документе на сайте: https://magister.urfu.ru/ru/documents/
Какие документы мне необходимо будет загрузить через личный кабинет?,Эта информация изложена на странице личного кабинете абитуриента - Печать документов.
"Как понять что я заполнил и отправил все, что нужно в личном кабинете?","Документы считаются поданными в УрФУ, если: заполнена информация в разделах «Основная информация», «Паспортные данные», «Сведения об образовании», «Выбор образовательных программ»; загружены копии обязательных документов в разделе «Копии документов»; документы отправлены на проверку на странице «Подать документы»; статус абитуриента – «Заявление принято» на странице «Сообщения приемной комиссии»."
Каким образом учитваются индивидуальные достижения?,"Результаты индивидуальных достижений учитываются при приеме на обучение, включаются в сумму конкурсных баллов и оцениваются в 5-10 дополнительных баллов, в зависимости от самого достижения"
Где можно посмотреть образовательные программы и направления магистратуры?,Перечень направлений подготовки для приема в магистратуры выложен на сайте: https://magister.urfu.ru/ru/programs/
"Какие льготы предоставляются победителям, призерам олимпиады ""Я-профессионал""?","Дипломантам (медалистам, победителям, призерам) Всероссийской олимпиады студентов «Я - профессионал» в течение двух календарных лет с момента получения диплома олимпиады, в качестве вступительного испытания может быть засчитан результат, полученный на олимпиаде, при условии соответствия профиля олимпиады выбранной образовательной программе магистратуры."
"Я учавстваовал в Акселераторе УрФУ, как это учтется при поступлении?",Вам будет добавлено 5 дополнительных баллов к результату вступительных испытаний
"Что дается за красный диплом бакалавра с отличием, при поступлении в магистратуру?",Вам будет добавлено 10 дополнительных баллов к результату вступительных испытаний
"Что дается за участие в олимпиаде ""Я-профессионал""?",Вам будет добавлено 10 дополнительных баллов к результату вступительных испытаний
Буду ли я получать стипендию?,"Да, всем студентам, обучающимся на бюджетной основе, первый семестр выплачивается степендия. В дальнейшем, она выплачивается при условии сдечи сессии без троек."